time,xd,zd,contact
0.010000,-0.001318,-0.195600,0
0.020000,-0.002585,-0.196199,0
0.031000,-0.003915,-0.196857,0
0.041000,-0.005066,-0.197453,0
0.051000,-0.006159,-0.198047,0
0.062000,-0.007295,-0.198696,0
0.072000,-0.008265,-0.199283,0
0.083000,-0.009262,-0.199923,0
0.094000,-0.010185,-0.200557,0
0.104000,-0.010959,-0.201128,0
0.115000,-0.011738,-0.201749,0
0.126000,-0.012442,-0.202362,0
0.136000,-0.013017,-0.202911,0
0.147000,-0.013576,-0.203506,0
0.157000,-0.014019,-0.204038,0
0.167000,-0.014401,-0.204562,0
0.178000,-0.014749,-0.205126,0
0.188000,-0.015001,-0.205629,0
0.198000,-0.015194,-0.206121,0
0.208000,-0.015326,-0.206602,1
0.219000,-0.015405,-0.207118,1
0.229000,-0.015416,-0.207574,1
0.239000,-0.015371,-0.208018,1
0.250000,-0.015258,-0.208491,1
0.260000,-0.015099,-0.208908,1
0.270000,-0.014887,-0.209310,1
0.280000,-0.014626,-0.209698,1
0.291000,-0.014281,-0.210109,1
0.301000,-0.013918,-0.210466,1
0.311000,-0.013510,-0.210808,1
0.321000,-0.013059,-0.211135,1
0.331000,-0.012565,-0.211446,1
0.341000,-0.012032,-0.211740,1
0.351000,-0.011462,-0.212018,1
0.362000,-0.010793,-0.212304,1
0.372000,-0.010150,-0.212547,1
0.382000,-0.009477,-0.212772,1
0.392000,-0.008774,-0.212979,1
0.402000,-0.008045,-0.213169,1
0.412000,-0.007292,-0.213341,1
0.423000,-0.006439,-0.213509,1
0.433000,-0.005643,-0.213643,1
0.443000,-0.004830,-0.213759,1
0.453000,-0.004003,-0.213856,1
0.463000,-0.003164,-0.213934,1
0.473000,-0.002316,-0.213994,1
0.484000,-0.001376,-0.214039,1
0.494000,-0.000517,-0.214059,1
0.504000,0.000344,-0.214061,1
0.514000,0.001204,-0.214044,1
0.524000,0.002061,-0.214009,1
0.534000,0.002911,-0.213954,1
0.544000,0.003753,-0.213881,1
0.554000,0.004583,-0.213790,1
0.564000,0.005401,-0.213680,1
0.574000,0.006202,-0.213551,1
0.585000,0.007062,-0.213389,1
0.595000,0.007822,-0.213223,1
0.605000,0.008558,-0.213038,1
0.615000,0.009269,-0.212836,1
0.625000,0.009951,-0.212616,1
0.635000,0.010604,-0.212379,1
0.645000,0.011223,-0.212124,1
0.655000,0.011809,-0.211853,1
0.665000,0.012357,-0.211565,1
0.675000,0.012866,-0.211261,1
0.685000,0.013335,-0.210941,1
0.695000,0.013761,-0.210605,1
0.706000,0.014177,-0.210218,1
0.716000,0.014507,-0.209850,1
0.726000,0.014789,-0.209467,1
0.736000,0.015020,-0.209070,1
0.746000,0.015201,-0.208659,1
0.756000,0.015328,-0.208235,1
0.766000,0.015400,-0.207798,1
0.776000,0.015418,-0.207347,1
0.786000,0.015378,-0.206885,1
0.796000,0.015280,-0.206411,1
0.806000,0.015124,-0.205925,0
0.816000,0.014908,-0.205429,0
0.826000,0.014631,-0.204922,0
0.837000,0.014256,-0.204353,0
0.847000,0.013850,-0.203827,0
0.857000,0.013382,-0.203291,0
0.867000,0.012851,-0.202747,0
0.877000,0.012258,-0.202196,0
0.887000,0.011602,-0.201637,0
0.897000,0.010884,-0.201071,0
0.907000,0.010104,-0.200500,0
0.917000,0.009262,-0.199923,0
0.927000,0.008358,-0.199341,0
0.937000,0.007395,-0.198755,0
0.947000,0.006371,-0.198165,0
0.957000,0.005289,-0.197572,0
0.968000,0.004033,-0.196917,0
0.978000,0.002831,-0.196319,0
0.988000,0.001576,-0.195720,0
0.998000,0.000268,-0.195120,0
1.008000,-0.001059,-0.195480,0
1.018000,-0.002336,-0.196079,0
1.028000,-0.003559,-0.196678,0
1.038000,-0.004726,-0.197275,0
1.048000,-0.005837,-0.197869,0
1.058000,-0.006890,-0.198461,0
1.068000,-0.007884,-0.199049,0
1.078000,-0.008818,-0.199633,0
1.088000,-0.009690,-0.200212,0
1.098000,-0.010502,-0.200786,0
1.108000,-0.011251,-0.201355,0
1.118000,-0.011938,-0.201917,0
1.128000,-0.012562,-0.202472,0
1.138000,-0.013124,-0.203020,0
1.148000,-0.013623,-0.203560,0
1.159000,-0.014101,-0.204144,0
1.169000,-0.014469,-0.204665,0
1.179000,-0.014777,-0.205177,0
1.189000,-0.015023,-0.205678,0
1.199000,-0.015209,-0.206169,0
1.209000,-0.015336,-0.206649,1
1.219000,-0.015405,-0.207118,1
1.229000,-0.015416,-0.207574,1
1.239000,-0.015371,-0.208018,1
1.249000,-0.015271,-0.208449,1
1.259000,-0.015117,-0.208866,1
1.269000,-0.014911,-0.209270,1
1.279000,-0.014654,-0.209660,1
1.290000,-0.014315,-0.210072,1
1.300000,-0.013957,-0.210431,1
1.310000,-0.013553,-0.210775,1
1.320000,-0.013106,-0.211103,1
1.330000,-0.012616,-0.211415,1
1.340000,-0.012087,-0.211711,1
1.350000,-0.011520,-0.211991,1
1.360000,-0.010918,-0.212254,1
1.370000,-0.010281,-0.212499,1
1.380000,-0.009614,-0.212728,1
1.390000,-0.008917,-0.212939,1
1.400000,-0.008193,-0.213132,1
1.411000,-0.007369,-0.213325,1
1.421000,-0.006596,-0.213480,1
1.431000,-0.005803,-0.213618,1
1.441000,-0.004994,-0.213737,1
1.451000,-0.004170,-0.213838,1
1.461000,-0.003333,-0.213920,1
1.471000,-0.002487,-0.213984,1
1.481000,-0.001633,-0.214029,1
1.491000,-0.000775,-0.214055,1
1.501000,0.000086,-0.214062,1
1.511000,0.000947,-0.214051,1
1.521000,0.001804,-0.214021,1
1.531000,0.002657,-0.213972,1
1.542000,0.003585,-0.213897,1
1.552000,0.004418,-0.213810,1
1.562000,0.005238,-0.213703,1
1.572000,0.006043,-0.213579,1
1.582000,0.006830,-0.213436,1
1.592000,0.007596,-0.213274,1
1.602000,0.008340,-0.213095,1
1.612000,0.009058,-0.212898,1
1.622000,0.009750,-0.212684,1
1.632000,0.010411,-0.212452,1
1.642000,0.011041,-0.212202,1
1.652000,0.011637,-0.211936,1
1.662000,0.012196,-0.211653,1
1.673000,0.012768,-0.211323,1
1.683000,0.013244,-0.211006,1
1.693000,0.013679,-0.210673,1
1.703000,0.014069,-0.210325,1
1.713000,0.014413,-0.209962,1
1.723000,0.014709,-0.209583,1
1.733000,0.014956,-0.209191,1
1.743000,0.015152,-0.208784,1
1.753000,0.015295,-0.208364,1
1.763000,0.015384,-0.207930,1
1.773000,0.015418,-0.207484,1
1.783000,0.015396,-0.207025,1
1.794000,0.015305,-0.206507,1
1.804000,0.015160,-0.206023,0
1.814000,0.014956,-0.205529,0
1.824000,0.014691,-0.205024,0
1.834000,0.014365,-0.204510,0
1.844000,0.013978,-0.203986,0
1.854000,0.013529,-0.203453,0
1.864000,0.013017,-0.202911,0
1.874000,0.012442,-0.202362,0
1.884000,0.011806,-0.201805,0
1.894000,0.011106,-0.201242,0
1.904000,0.010344,-0.200672,0
1.914000,0.009521,-0.200097,0
1.925000,0.008544,-0.199458,0
1.935000,0.007592,-0.198873,0
1.945000,0.006581,-0.198283,0
1.955000,0.005510,-0.197691,0
1.965000,0.004382,-0.197096,0
1.975000,0.003198,-0.196498,0
1.985000,0.001958,-0.195900,0
1.995000,0.000666,-0.195300,0
2.006000,-0.000797,-0.195360,0
2.017000,-0.002210,-0.196020,0
2.027000,-0.003439,-0.196618,0
2.038000,-0.004726,-0.197275,0
2.049000,-0.005945,-0.197928,0
2.059000,-0.006992,-0.198520,0
2.070000,-0.008076,-0.199166,0
2.080000,-0.008997,-0.199749,0
2.091000,-0.009940,-0.200385,0
2.102000,-0.010809,-0.201015,0
2.112000,-0.011533,-0.201581,0
2.123000,-0.012258,-0.202196,0
2.134000,-0.012907,-0.202802,0
2.144000,-0.013431,-0.203345,0
2.155000,-0.013936,-0.203933,0
2.166000,-0.014365,-0.204510,0
2.176000,-0.014691,-0.205024,0
2.187000,-0.014979,-0.205579,0
2.197000,-0.015177,-0.206072,0
2.208000,-0.015326,-0.206602,1
2.219000,-0.015405,-0.207118,1
2.229000,-0.015416,-0.207574,1
2.240000,-0.015363,-0.208062,1
2.251000,-0.015244,-0.208533,1
2.261000,-0.015080,-0.208948,1
2.272000,-0.014839,-0.209389,1
2.283000,-0.014538,-0.209812,1
2.293000,-0.014212,-0.210182,1
2.304000,-0.013801,-0.210571,1
2.315000,-0.013335,-0.210941,1
2.325000,-0.012866,-0.211261,1
2.336000,-0.012304,-0.211595,1
2.346000,-0.011752,-0.211881,1
2.357000,-0.011102,-0.212177,1
2.368000,-0.010411,-0.212452,1
2.378000,-0.009750,-0.212684,1
2.389000,-0.008988,-0.212919,1
2.400000,-0.008193,-0.213132,1
2.410000,-0.007445,-0.213308,1
2.421000,-0.006596,-0.213480,1
2.432000,-0.005723,-0.213631,1
2.442000,-0.004912,-0.213748,1
2.453000,-0.004003,-0.213856,1
2.463000,-0.003164,-0.213934,1
2.474000,-0.002231,-0.213999,1
2.485000,-0.001290,-0.214041,1
2.495000,-0.000430,-0.214060,1
2.506000,0.000517,-0.214059,1
2.517000,0.001462,-0.214035,1
2.527000,0.002316,-0.213994,1
2.538000,0.003249,-0.213927,1
2.549000,0.004170,-0.213838,1
2.559000,0.004994,-0.213737,1
2.570000,0.005883,-0.213605,1
2.580000,0.006674,-0.213466,1
2.591000,0.007520,-0.213291,1
2.602000,0.008340,-0.213095,1
2.612000,0.009058,-0.212898,1
2.623000,0.009817,-0.212661,1
2.634000,0.010540,-0.212403,1
2.644000,0.011163,-0.212151,1
2.655000,0.011809,-0.211853,1
2.666000,0.012410,-0.211536,1
2.676000,0.012915,-0.211230,1
2.687000,0.013423,-0.210875,1
2.698000,0.013880,-0.210501,1
2.708000,0.014247,-0.210145,1
2.719000,0.014597,-0.209736,1
2.729000,0.014864,-0.209350,1
2.740000,0.015099,-0.208908,1
2.751000,0.015271,-0.208449,1
2.761000,0.015371,-0.208018,1
2.772000,0.015417,-0.207529,1
2.783000,0.015396,-0.207025,1
2.793000,0.015316,-0.206554,1
2.804000,0.015160,-0.206023,0
2.815000,0.014932,-0.205479,0
2.825000,0.014661,-0.204973,0
2.836000,0.014293,-0.204406,0
2.846000,0.013893,-0.203880,0
2.857000,0.013382,-0.203291,0
2.868000,0.012795,-0.202692,0
2.878000,0.012195,-0.202140,0
2.889000,0.011464,-0.201524,0
2.900000,0.010657,-0.200901,0
2.910000,0.009858,-0.200327,0
2.921000,0.008908,-0.199691,0
2.932000,0.007884,-0.199049,0
2.942000,0.006890,-0.198461,0
2.953000,0.005729,-0.197810,0
2.963000,0.004612,-0.197215,0
2.974000,0.003318,-0.196558,0
2.985000,0.001958,-0.195900,0
2.995000,0.000666,-0.195300,0
3.006000,-0.000797,-0.195360,0
3.017000,-0.002210,-0.196020,0
3.027000,-0.003439,-0.196618,0
3.038000,-0.004726,-0.197275,0
3.049000,-0.005945,-0.197928,0
3.059000,-0.006992,-0.198520,0
3.070000,-0.008076,-0.199166,0
3.081000,-0.009086,-0.199807,0
3.091000,-0.009940,-0.200385,0
3.102000,-0.010809,-0.201015,0
3.112000,-0.011533,-0.201581,0
3.123000,-0.012258,-0.202196,0
3.134000,-0.012907,-0.202802,0
3.144000,-0.013431,-0.203345,0
3.155000,-0.013936,-0.203933,0
3.166000,-0.014365,-0.204510,0
3.176000,-0.014691,-0.205024,0
3.187000,-0.014979,-0.205579,0
3.198000,-0.015194,-0.206121,0
3.208000,-0.015326,-0.206602,1
3.219000,-0.015405,-0.207118,1
3.229000,-0.015416,-0.207574,1
3.240000,-0.015363,-0.208062,1
3.251000,-0.015244,-0.208533,1
3.261000,-0.015080,-0.208948,1
3.272000,-0.014839,-0.209389,1
3.283000,-0.014538,-0.209812,1
3.293000,-0.014212,-0.210182,1
3.304000,-0.013801,-0.210571,1
3.315000,-0.013335,-0.210941,1
3.325000,-0.012866,-0.211261,1
3.336000,-0.012304,-0.211595,1
3.346000,-0.011752,-0.211881,1
3.357000,-0.011102,-0.212177,1
3.368000,-0.010411,-0.212452,1
3.378000,-0.009750,-0.212684,1
3.389000,-0.008988,-0.212919,1
3.400000,-0.008193,-0.213132,1
3.410000,-0.007445,-0.213308,1
3.421000,-0.006596,-0.213480,1
3.432000,-0.005723,-0.213631,1
3.442000,-0.004912,-0.213748,1
3.453000,-0.004003,-0.213856,1
3.464000,-0.003080,-0.213941,1
3.474000,-0.002231,-0.213999,1
3.485000,-0.001290,-0.214041,1
3.495000,-0.000430,-0.214060,1
3.506000,0.000517,-0.214059,1
3.517000,0.001462,-0.214035,1
3.527000,0.002316,-0.213994,1
3.538000,0.003249,-0.213927,1
3.549000,0.004170,-0.213838,1
3.559000,0.004994,-0.213737,1
3.570000,0.005883,-0.213605,1
3.581000,0.006752,-0.213451,1
3.591000,0.007520,-0.213291,1
3.602000,0.008340,-0.213095,1
3.612000,0.009058,-0.212898,1
3.623000,0.009817,-0.212661,1
3.634000,0.010540,-0.212403,1
3.644000,0.011163,-0.212151,1
3.655000,0.011809,-0.211853,1
3.666000,0.012410,-0.211536,1
3.676000,0.012915,-0.211230,1
3.687000,0.013423,-0.210875,1
3.698000,0.013880,-0.210501,1
3.708000,0.014247,-0.210145,1
3.719000,0.014597,-0.209736,1
3.729000,0.014864,-0.209350,1
3.740000,0.015099,-0.208908,1
3.751000,0.015271,-0.208449,1
3.761000,0.015371,-0.208018,1
3.772000,0.015417,-0.207529,1
3.783000,0.015396,-0.207025,1
3.793000,0.015316,-0.206554,1
3.804000,0.015160,-0.206023,0
3.815000,0.014932,-0.205479,0
3.825000,0.014661,-0.204973,0
3.836000,0.014293,-0.204406,0
3.847000,0.013850,-0.203827,0
3.857000,0.013382,-0.203291,0
3.868000,0.012795,-0.202692,0
3.878000,0.012195,-0.202140,0
3.889000,0.011464,-0.201524,0
3.900000,0.010657,-0.200901,0
3.910000,0.009858,-0.200327,0
3.921000,0.008908,-0.199691,0
3.932000,0.007884,-0.199049,0
3.942000,0.006890,-0.198461,0
3.953000,0.005729,-0.197810,0
3.964000,0.004497,-0.197155,0
3.974000,0.003318,-0.196558,0
3.985000,0.001958,-0.195900,0
3.995000,0.000666,-0.195300,0
4.006000,-0.000797,-0.195360,0
4.017000,-0.002210,-0.196020,0
4.028000,-0.003559,-0.196678,0
4.039000,-0.004840,-0.197334,0
4.049000,-0.005945,-0.197928,0
4.060000,-0.007094,-0.198578,0
4.071000,-0.008170,-0.199224,0
4.081000,-0.009086,-0.199807,0
4.092000,-0.010022,-0.200443,0
4.103000,-0.010884,-0.201071,0
4.113000,-0.011602,-0.201637,0
4.124000,-0.012320,-0.202251,0
4.134000,-0.012907,-0.202802,0
4.145000,-0.013480,-0.203399,0
4.156000,-0.013978,-0.203986,0
4.166000,-0.014365,-0.204510,0
4.177000,-0.014720,-0.205075,0
4.188000,-0.015001,-0.205629,0
4.198000,-0.015194,-0.206121,0
4.209000,-0.015336,-0.206649,1
4.220000,-0.015409,-0.207164,1
4.230000,-0.015414,-0.207619,1
4.241000,-0.015355,-0.208105,1
4.251000,-0.015244,-0.208533,1
4.262000,-0.015061,-0.208989,1
4.273000,-0.014814,-0.209428,1
4.283000,-0.014538,-0.209812,1
4.294000,-0.014177,-0.210218,1
4.305000,-0.013761,-0.210605,1
4.315000,-0.013335,-0.210941,1
4.326000,-0.012817,-0.211292,1
4.337000,-0.012250,-0.211624,1
4.347000,-0.011694,-0.211909,1
4.358000,-0.011041,-0.212202,1
4.368000,-0.010411,-0.212452,1
4.379000,-0.009682,-0.212706,1
4.390000,-0.008917,-0.212939,1
4.400000,-0.008193,-0.213132,1
4.411000,-0.007369,-0.213325,1
4.422000,-0.006517,-0.213495,1
4.432000,-0.005723,-0.213631,1
4.443000,-0.004830,-0.213759,1
4.454000,-0.003920,-0.213864,1
4.464000,-0.003080,-0.213941,1
4.475000,-0.002146,-0.214004,1
4.486000,-0.001204,-0.214044,1
4.496000,-0.000344,-0.214061,1
4.507000,0.000603,-0.214058,1
4.517000,0.001462,-0.214035,1
4.528000,0.002402,-0.213989,1
4.539000,0.003333,-0.213920,1
4.549000,0.004170,-0.213838,1
4.560000,0.005076,-0.213726,1
4.571000,0.005963,-0.213592,1
4.581000,0.006752,-0.213451,1
4.592000,0.007596,-0.213274,1
4.603000,0.008413,-0.213076,1
4.613000,0.009129,-0.212878,1
4.624000,0.009884,-0.212639,1
4.634000,0.010540,-0.212403,1
4.645000,0.011223,-0.212124,1
4.656000,0.011865,-0.211825,1
4.666000,0.012410,-0.211536,1
4.677000,0.012963,-0.211198,1
4.688000,0.013467,-0.210842,1
4.698000,0.013880,-0.210501,1
4.709000,0.014281,-0.210109,1
4.720000,0.014626,-0.209698,1
4.730000,0.014887,-0.209310,1
4.741000,0.015117,-0.208866,1
4.751000,0.015271,-0.208449,1
4.762000,0.015378,-0.207974,1
4.773000,0.015418,-0.207484,1
4.783000,0.015396,-0.207025,1
4.794000,0.015305,-0.206507,1
4.805000,0.015142,-0.205974,0
4.815000,0.014932,-0.205479,0
4.826000,0.014631,-0.204922,0
4.837000,0.014256,-0.204353,0
4.847000,0.013850,-0.203827,0
4.858000,0.013331,-0.203237,0
4.869000,0.012737,-0.202637,0
4.879000,0.012132,-0.202084,0
4.890000,0.011393,-0.201468,0
4.900000,0.010657,-0.200901,0
4.911000,0.009774,-0.200270,0
4.922000,0.008818,-0.199633,0
4.932000,0.007884,-0.199049,0
4.943000,0.006788,-0.198402,0
4.954000,0.005620,-0.197750,0
4.964000,0.004497,-0.197155,0
4.975000,0.003198,-0.196498,0
4.986000,0.001831,-0.195840,0
4.996000,0.000534,-0.195240,0
5.007000,-0.000928,-0.195420,0
5.017000,-0.002210,-0.196020,0
5.028000,-0.003559,-0.196678,0
5.039000,-0.004840,-0.197334,0
5.049000,-0.005945,-0.197928,0
5.060000,-0.007094,-0.198578,0
5.071000,-0.008170,-0.199224,0
5.081000,-0.009086,-0.199807,0
5.092000,-0.010022,-0.200443,0
5.103000,-0.010884,-0.201071,0
5.113000,-0.011602,-0.201637,0
5.124000,-0.012320,-0.202251,0
5.134000,-0.012907,-0.202802,0
5.145000,-0.013480,-0.203399,0
5.156000,-0.013978,-0.203986,0
5.166000,-0.014365,-0.204510,0
5.177000,-0.014720,-0.205075,0
5.188000,-0.015001,-0.205629,0
5.198000,-0.015194,-0.206121,0
5.209000,-0.015336,-0.206649,1
5.220000,-0.015409,-0.207164,1
5.230000,-0.015414,-0.207619,1
5.241000,-0.015355,-0.208105,1
5.252000,-0.015230,-0.208576,1
5.262000,-0.015061,-0.208989,1
5.273000,-0.014814,-0.209428,1
5.283000,-0.014538,-0.209812,1
5.294000,-0.014177,-0.210218,1
5.305000,-0.013761,-0.210605,1
5.315000,-0.013335,-0.210941,1
5.326000,-0.012817,-0.211292,1
5.337000,-0.012250,-0.211624,1
5.347000,-0.011694,-0.211909,1
5.358000,-0.011041,-0.212202,1
5.369000,-0.010347,-0.212476,1
5.379000,-0.009682,-0.212706,1
5.390000,-0.008917,-0.212939,1
5.400000,-0.008193,-0.213132,1
5.411000,-0.007369,-0.213325,1
5.422000,-0.006517,-0.213495,1
5.432000,-0.005723,-0.213631,1
5.443000,-0.004830,-0.213759,1
5.454000,-0.003920,-0.213864,1
5.464000,-0.003080,-0.213941,1
5.475000,-0.002146,-0.214004,1
5.486000,-0.001204,-0.214044,1
5.496000,-0.000344,-0.214061,1
5.507000,0.000603,-0.214058,1
5.517000,0.001462,-0.214035,1
5.528000,0.002402,-0.213989,1
5.539000,0.003333,-0.213920,1
5.549000,0.004170,-0.213838,1
5.560000,0.005076,-0.213726,1
5.571000,0.005963,-0.213592,1
5.581000,0.006752,-0.213451,1
5.592000,0.007596,-0.213274,1
5.603000,0.008413,-0.213076,1
5.613000,0.009129,-0.212878,1
5.624000,0.009884,-0.212639,1
5.635000,0.010604,-0.212379,1
5.645000,0.011223,-0.212124,1
5.656000,0.011865,-0.211825,1
5.666000,0.012410,-0.211536,1
5.677000,0.012963,-0.211198,1
5.688000,0.013467,-0.210842,1
5.698000,0.013880,-0.210501,1
5.709000,0.014281,-0.210109,1
5.720000,0.014626,-0.209698,1
5.730000,0.014887,-0.209310,1
5.741000,0.015117,-0.208866,1
5.752000,0.015283,-0.208406,1
5.762000,0.015378,-0.207974,1
5.773000,0.015418,-0.207484,1
5.783000,0.015396,-0.207025,1
5.794000,0.015305,-0.206507,1
5.805000,0.015142,-0.205974,0
5.815000,0.014932,-0.205479,0
5.826000,0.014631,-0.204922,0
5.837000,0.014256,-0.204353,0
5.847000,0.013850,-0.203827,0
5.858000,0.013331,-0.203237,0
5.869000,0.012737,-0.202637,0
5.879000,0.012132,-0.202084,0
5.890000,0.011393,-0.201468,0
5.900000,0.010657,-0.200901,0
5.911000,0.009774,-0.200270,0
5.922000,0.008818,-0.199633,0
5.932000,0.007884,-0.199049,0
5.943000,0.006788,-0.198402,0
5.954000,0.005620,-0.197750,0
5.964000,0.004497,-0.197155,0
5.975000,0.003198,-0.196498,0
5.986000,0.001831,-0.195840,0
5.996000,0.000534,-0.195240,0
6.007000,-0.000928,-0.195420,0
6.018000,-0.002336,-0.196079,0
6.028000,-0.003559,-0.196678,0
6.039000,-0.004840,-0.197334,0
6.049000,-0.005945,-0.197928,0
6.060000,-0.007094,-0.198578,0
6.071000,-0.008170,-0.199224,0
6.081000,-0.009086,-0.199807,0
6.092000,-0.010022,-0.200443,0
6.103000,-0.010884,-0.201071,0
6.113000,-0.011602,-0.201637,0
6.124000,-0.012320,-0.202251,0
6.135000,-0.012962,-0.202857,0
6.145000,-0.013480,-0.203399,0
6.156000,-0.013978,-0.203986,0
6.166000,-0.014365,-0.204510,0
6.177000,-0.014720,-0.205075,0
6.188000,-0.015001,-0.205629,0
6.198000,-0.015194,-0.206121,0
6.209000,-0.015336,-0.206649,1
6.220000,-0.015409,-0.207164,1
6.230000,-0.015414,-0.207619,1
6.241000,-0.015355,-0.208105,1
6.252000,-0.015230,-0.208576,1
6.262000,-0.015061,-0.208989,1
6.273000,-0.014814,-0.209428,1
6.283000,-0.014538,-0.209812,1
6.294000,-0.014177,-0.210218,1
6.305000,-0.013761,-0.210605,1
6.315000,-0.013335,-0.210941,1
6.326000,-0.012817,-0.211292,1
6.337000,-0.012250,-0.211624,1
6.347000,-0.011694,-0.211909,1
6.358000,-0.011041,-0.212202,1
6.369000,-0.010347,-0.212476,1
6.379000,-0.009682,-0.212706,1
6.390000,-0.008917,-0.212939,1
6.401000,-0.008119,-0.213151,1
6.411000,-0.007369,-0.213325,1
6.422000,-0.006517,-0.213495,1
6.432000,-0.005723,-0.213631,1
6.443000,-0.004830,-0.213759,1
6.454000,-0.003920,-0.213864,1
6.464000,-0.003080,-0.213941,1
6.475000,-0.002146,-0.214004,1
6.486000,-0.001204,-0.214044,1
6.496000,-0.000344,-0.214061,1
6.507000,0.000603,-0.214058,1
6.518000,0.001547,-0.214032,1
6.528000,0.002402,-0.213989,1
6.539000,0.003333,-0.213920,1
6.549000,0.004170,-0.213838,1
6.560000,0.005076,-0.213726,1
6.571000,0.005963,-0.213592,1
6.581000,0.006752,-0.213451,1
6.592000,0.007596,-0.213274,1
6.603000,0.008413,-0.213076,1
6.613000,0.009129,-0.212878,1
6.624000,0.009884,-0.212639,1
6.635000,0.010604,-0.212379,1
6.645000,0.011223,-0.212124,1
6.656000,0.011865,-0.211825,1
6.667000,0.012462,-0.211506,1
6.677000,0.012963,-0.211198,1
6.688000,0.013467,-0.210842,1
6.698000,0.013880,-0.210501,1
6.709000,0.014281,-0.210109,1
6.720000,0.014626,-0.209698,1
6.730000,0.014887,-0.209310,1
6.741000,0.015117,-0.208866,1
6.752000,0.015283,-0.208406,1
6.762000,0.015378,-0.207974,1
6.773000,0.015418,-0.207484,1
6.784000,0.015390,-0.206978,1
6.794000,0.015305,-0.206507,1
6.805000,0.015142,-0.205974,0
6.815000,0.014932,-0.205479,0
6.826000,0.014631,-0.204922,0
6.837000,0.014256,-0.204353,0
6.847000,0.013850,-0.203827,0
6.858000,0.013331,-0.203237,0
6.869000,0.012737,-0.202637,0
6.879000,0.012132,-0.202084,0
6.890000,0.011393,-0.201468,0
6.901000,0.010579,-0.200844,0
6.911000,0.009774,-0.200270,0
6.922000,0.008818,-0.199633,0
6.932000,0.007884,-0.199049,0
6.943000,0.006788,-0.198402,0
6.954000,0.005620,-0.197750,0
6.964000,0.004497,-0.197155,0
6.975000,0.003198,-0.196498,0
6.986000,0.001831,-0.195840,0
6.996000,0.000534,-0.195240,0
7.007000,-0.000928,-0.195420,0
7.018000,-0.002336,-0.196079,0
7.028000,-0.003559,-0.196678,0
7.039000,-0.004840,-0.197334,0
7.050000,-0.006053,-0.197988,0
7.060000,-0.007094,-0.198578,0
7.071000,-0.008170,-0.199224,0
7.081000,-0.009086,-0.199807,0
7.092000,-0.010022,-0.200443,0
7.103000,-0.010884,-0.201071,0
7.113000,-0.011602,-0.201637,0
7.124000,-0.012320,-0.202251,0
7.135000,-0.012962,-0.202857,0
7.145000,-0.013480,-0.203399,0
7.156000,-0.013978,-0.203986,0
7.167000,-0.014401,-0.204562,0
7.177000,-0.014720,-0.205075,0
7.188000,-0.015001,-0.205629,0
7.198000,-0.015194,-0.206121,0
7.209000,-0.015336,-0.206649,1
7.220000,-0.015409,-0.207164,1
7.230000,-0.015414,-0.207619,1
7.241000,-0.015355,-0.208105,1
7.252000,-0.015230,-0.208576,1
7.262000,-0.015061,-0.208989,1
7.273000,-0.014814,-0.209428,1
7.284000,-0.014507,-0.209850,1
7.294000,-0.014177,-0.210218,1
7.305000,-0.013761,-0.210605,1
7.315000,-0.013335,-0.210941,1
7.326000,-0.012817,-0.211292,1
7.337000,-0.012250,-0.211624,1
7.347000,-0.011694,-0.211909,1
7.358000,-0.011041,-0.212202,1
7.369000,-0.010347,-0.212476,1
7.379000,-0.009682,-0.212706,1
7.390000,-0.008917,-0.212939,1
7.401000,-0.008119,-0.213151,1
7.411000,-0.007369,-0.213325,1
7.422000,-0.006517,-0.213495,1
7.433000,-0.005643,-0.213643,1
7.443000,-0.004830,-0.213759,1
7.454000,-0.003920,-0.213864,1
7.464000,-0.003080,-0.213941,1
7.475000,-0.002146,-0.214004,1
7.486000,-0.001204,-0.214044,1
7.496000,-0.000344,-0.214061,1
7.507000,0.000603,-0.214058,1
7.518000,0.001547,-0.214032,1
7.528000,0.002402,-0.213989,1
7.539000,0.003333,-0.213920,1
7.550000,0.004253,-0.213829,1
7.560000,0.005076,-0.213726,1
7.571000,0.005963,-0.213592,1
7.581000,0.006752,-0.213451,1
7.592000,0.007596,-0.213274,1
7.603000,0.008413,-0.213076,1
7.613000,0.009129,-0.212878,1
7.624000,0.009884,-0.212639,1
7.635000,0.010604,-0.212379,1
7.645000,0.011223,-0.212124,1
7.656000,0.011865,-0.211825,1
7.667000,0.012462,-0.211506,1
7.677000,0.012963,-0.211198,1
7.688000,0.013467,-0.210842,1
7.698000,0.013880,-0.210501,1
7.709000,0.014281,-0.210109,1
7.720000,0.014626,-0.209698,1
7.730000,0.014887,-0.209310,1
7.741000,0.015117,-0.208866,1
7.752000,0.015283,-0.208406,1
7.762000,0.015378,-0.207974,1
7.773000,0.015418,-0.207484,1
7.784000,0.015390,-0.206978,1
7.794000,0.015305,-0.206507,1
7.805000,0.015142,-0.205974,0
7.816000,0.014908,-0.205429,0
7.826000,0.014631,-0.204922,0
7.837000,0.014256,-0.204353,0
7.847000,0.013850,-0.203827,0
7.858000,0.013331,-0.203237,0
7.869000,0.012737,-0.202637,0
7.879000,0.012132,-0.202084,0
7.890000,0.011393,-0.201468,0
7.901000,0.010579,-0.200844,0
7.911000,0.009774,-0.200270,0
7.922000,0.008818,-0.199633,0
7.933000,0.007787,-0.198990,0
7.943000,0.006788,-0.198402,0
7.954000,0.005620,-0.197750,0
7.964000,0.004497,-0.197155,0
7.975000,0.003198,-0.196498,0
7.986000,0.001831,-0.195840,0
7.996000,0.000534,-0.195240,0
8.007000,-0.000928,-0.195420,0
8.018000,-0.002336,-0.196079,0
8.029000,-0.003678,-0.196738,0
8.040000,-0.004953,-0.197394,0
8.051000,-0.006159,-0.198047,0
8.062000,-0.007295,-0.198696,0
8.072000,-0.008265,-0.199283,0
8.083000,-0.009262,-0.199923,0
8.094000,-0.010185,-0.200557,0
8.104000,-0.010959,-0.201128,0
8.115000,-0.011738,-0.201749,0
8.126000,-0.012442,-0.202362,0
8.136000,-0.013017,-0.202911,0
8.147000,-0.013576,-0.203506,0
8.158000,-0.014060,-0.204091,0
8.168000,-0.014435,-0.204613,0
8.179000,-0.014777,-0.205177,0
8.190000,-0.015045,-0.205728,0
8.201000,-0.015240,-0.206266,1
8.212000,-0.015363,-0.206791,1
8.223000,-0.015416,-0.207302,1
8.234000,-0.015400,-0.207798,1
8.245000,-0.015317,-0.208278,1
8.256000,-0.015169,-0.208743,1
8.267000,-0.014956,-0.209191,1
8.277000,-0.014709,-0.209583,1
8.288000,-0.014381,-0.209999,1
8.299000,-0.013995,-0.210396,1
8.309000,-0.013595,-0.210741,1
8.320000,-0.013106,-0.211103,1
8.331000,-0.012565,-0.211446,1
8.342000,-0.011977,-0.211769,1
8.353000,-0.011343,-0.212071,1
8.364000,-0.010667,-0.212354,1
8.375000,-0.009951,-0.212616,1
8.386000,-0.009199,-0.212857,1
8.397000,-0.008413,-0.213076,1
8.408000,-0.007596,-0.213274,1
8.418000,-0.006830,-0.213436,1
8.429000,-0.005963,-0.213592,1
8.440000,-0.005076,-0.213726,1
8.451000,-0.004170,-0.213838,1
8.462000,-0.003249,-0.213927,1
8.473000,-0.002316,-0.213994,1
8.484000,-0.001376,-0.214039,1
8.495000,-0.000430,-0.214060,1
8.506000,0.000517,-0.214059,1
8.517000,0.001462,-0.214035,1
8.527000,0.002316,-0.213994,1
8.538000,0.003249,-0.213927,1
8.549000,0.004170,-0.213838,1
8.559000,0.004994,-0.213737,1
8.570000,0.005883,-0.213605,1
8.581000,0.006752,-0.213451,1
8.592000,0.007596,-0.213274,1
8.603000,0.008413,-0.213076,1
8.614000,0.009199,-0.212857,1
8.625000,0.009951,-0.212616,1
8.636000,0.010667,-0.212354,1
8.647000,0.011343,-0.212071,1
8.658000,0.011977,-0.211769,1
8.668000,0.012514,-0.211476,1
8.679000,0.013059,-0.211135,1
8.690000,0.013553,-0.210775,1
8.700000,0.013957,-0.210431,1
8.711000,0.014348,-0.210036,1
8.722000,0.014682,-0.209622,1
8.733000,0.014956,-0.209191,1
8.744000,0.015169,-0.208743,1
8.755000,0.015317,-0.208278,1
8.766000,0.015400,-0.207798,1
8.777000,0.015416,-0.207302,1
8.788000,0.015363,-0.206791,1
8.799000,0.015240,-0.206266,1
8.809000,0.015065,-0.205777,0
8.820000,0.014804,-0.205227,0
8.831000,0.014469,-0.204665,0
8.842000,0.014060,-0.204091,0
8.853000,0.013576,-0.203506,0
8.864000,0.013017,-0.202911,0
8.875000,0.012382,-0.202306,0
8.886000,0.011671,-0.201693,0
8.897000,0.010884,-0.201071,0
8.908000,0.010022,-0.200443,0
8.918000,0.009174,-0.199865,0
8.929000,0.008170,-0.199224,0
8.940000,0.007094,-0.198578,0
8.950000,0.006053,-0.197988,0
8.961000,0.004840,-0.197334,0
8.972000,0.003559,-0.196678,0
8.983000,0.002210,-0.196020,0
8.994000,0.000797,-0.195360,0
9.005000,-0.000666,-0.195300,0
9.016000,-0.002085,-0.195960,0
9.027000,-0.003439,-0.196618,0
9.038000,-0.004726,-0.197275,0
9.049000,-0.005945,-0.197928,0
9.059000,-0.006992,-0.198520,0
9.070000,-0.008076,-0.199166,0
9.081000,-0.009086,-0.199807,0
9.092000,-0.010022,-0.200443,0
9.103000,-0.010884,-0.201071,0
9.114000,-0.011671,-0.201693,0
9.125000,-0.012382,-0.202306,0
9.136000,-0.013017,-0.202911,0
9.147000,-0.013576,-0.203506,0
9.158000,-0.014060,-0.204091,0
9.168000,-0.014435,-0.204613,0
9.179000,-0.014777,-0.205177,0
9.190000,-0.015045,-0.205728,0
9.200000,-0.015225,-0.206218,1
9.211000,-0.015355,-0.206744,1
9.222000,-0.015414,-0.207256,1
9.233000,-0.015405,-0.207753,1
9.244000,-0.015328,-0.208235,1
9.255000,-0.015185,-0.208701,1
9.266000,-0.014978,-0.209151,1
9.277000,-0.014709,-0.209583,1
9.288000,-0.014381,-0.209999,1
9.299000,-0.013995,-0.210396,1
9.309000,-0.013595,-0.210741,1
9.320000,-0.013106,-0.211103,1
9.331000,-0.012565,-0.211446,1
9.341000,-0.012032,-0.211740,1
9.352000,-0.011403,-0.212045,1
9.363000,-0.010730,-0.212329,1
9.374000,-0.010018,-0.212593,1
9.385000,-0.009269,-0.212836,1
9.396000,-0.008486,-0.213057,1
9.407000,-0.007672,-0.213257,1
9.418000,-0.006830,-0.213436,1
9.429000,-0.005963,-0.213592,1
9.440000,-0.005076,-0.213726,1
9.450000,-0.004253,-0.213829,1
9.461000,-0.003333,-0.213920,1
9.472000,-0.002402,-0.213989,1
9.483000,-0.001462,-0.214035,1
9.494000,-0.000517,-0.214059,1
9.505000,0.000430,-0.214060,1
9.516000,0.001376,-0.214039,1
9.527000,0.002316,-0.213994,1
9.538000,0.003249,-0.213927,1
9.549000,0.004170,-0.213838,1
9.559000,0.004994,-0.213737,1
9.570000,0.005883,-0.213605,1
9.581000,0.006752,-0.213451,1
9.591000,0.007520,-0.213291,1
9.602000,0.008340,-0.213095,1
9.613000,0.009129,-0.212878,1
9.624000,0.009884,-0.212639,1
9.635000,0.010604,-0.212379,1
9.646000,0.011284,-0.212098,1
9.657000,0.011921,-0.211797,1
9.668000,0.012514,-0.211476,1
9.679000,0.013059,-0.211135,1
9.690000,0.013553,-0.210775,1
9.700000,0.013957,-0.210431,1
9.711000,0.014348,-0.210036,1
9.722000,0.014682,-0.209622,1
9.733000,0.014956,-0.209191,1
9.744000,0.015169,-0.208743,1
9.755000,0.015317,-0.208278,1
9.766000,0.015400,-0.207798,1
9.777000,0.015416,-0.207302,1
9.788000,0.015363,-0.206791,1
9.799000,0.015240,-0.206266,1
9.809000,0.015065,-0.205777,0
9.820000,0.014804,-0.205227,0
9.831000,0.014469,-0.204665,0
9.841000,0.014101,-0.204144,0
9.852000,0.013623,-0.203560,0
9.863000,0.013071,-0.202966,0
9.874000,0.012442,-0.202362,0
9.885000,0.011738,-0.201749,0
9.896000,0.010959,-0.201128,0
9.907000,0.010104,-0.200500,0
9.918000,0.009174,-0.199865,0
9.929000,0.008170,-0.199224,0
9.940000,0.007094,-0.198578,0
9.950000,0.006053,-0.197988,0
9.961000,0.004840,-0.197334,0
9.972000,0.003559,-0.196678,0
9.982000,0.002336,-0.196079,0
9.993000,0.000928,-0.195420,0
10.004000,-0.000534,-0.195240,0
10.015000,-0.001958,-0.195900,0
10.026000,-0.003318,-0.196558,0
10.037000,-0.004612,-0.197215,0
10.048000,-0.005837,-0.197869,0
10.059000,-0.006992,-0.198520,0
10.070000,-0.008076,-0.199166,0
10.081000,-0.009086,-0.199807,0
10.091000,-0.009940,-0.200385,0
10.102000,-0.010809,-0.201015,0
10.113000,-0.011602,-0.201637,0
10.124000,-0.012320,-0.202251,0
10.135000,-0.012962,-0.202857,0
10.146000,-0.013529,-0.203453,0
10.157000,-0.014019,-0.204038,0
10.168000,-0.014435,-0.204613,0
10.179000,-0.014777,-0.205177,0
10.190000,-0.015045,-0.205728,0
10.200000,-0.015225,-0.206218,1
10.211000,-0.015355,-0.206744,1
10.222000,-0.015414,-0.207256,1
10.232000,-0.015408,-0.207708,1
10.243000,-0.015337,-0.208192,1
10.254000,-0.015201,-0.208659,1
10.265000,-0.015000,-0.209111,1
10.276000,-0.014736,-0.209545,1
10.287000,-0.014413,-0.209962,1
10.298000,-0.014032,-0.210361,1
10.309000,-0.013595,-0.210741,1
10.320000,-0.013106,-0.211103,1
10.331000,-0.012565,-0.211446,1
10.341000,-0.012032,-0.211740,1
10.352000,-0.011403,-0.212045,1
10.363000,-0.010730,-0.212329,1
10.374000,-0.010018,-0.212593,1
10.385000,-0.009269,-0.212836,1
10.396000,-0.008486,-0.213057,1
10.407000,-0.007672,-0.213257,1
10.418000,-0.006830,-0.213436,1
10.429000,-0.005963,-0.213592,1
10.440000,-0.005076,-0.213726,1
10.450000,-0.004253,-0.213829,1
10.461000,-0.003333,-0.213920,1
10.472000,-0.002402,-0.213989,1
10.482000,-0.001547,-0.214032,1
10.493000,-0.000603,-0.214058,1
10.504000,0.000344,-0.214061,1
10.515000,0.001290,-0.214041,1
10.526000,0.002231,-0.213999,1
10.537000,0.003164,-0.213934,1
10.548000,0.004086,-0.213847,1
10.559000,0.004994,-0.213737,1
10.570000,0.005883,-0.213605,1
10.581000,0.006752,-0.213451,1
10.591000,0.007520,-0.213291,1
10.602000,0.008340,-0.213095,1
10.613000,0.009129,-0.212878,1
10.623000,0.009817,-0.212661,1
10.634000,0.010540,-0.212403,1
10.645000,0.011223,-0.212124,1
10.656000,0.011865,-0.211825,1
10.667000,0.012462,-0.211506,1
10.678000,0.013011,-0.211167,1
10.689000,0.013510,-0.210808,1
10.700000,0.013957,-0.210431,1
10.711000,0.014348,-0.210036,1
10.722000,0.014682,-0.209622,1
10.732000,0.014934,-0.209231,1
10.743000,0.015152,-0.208784,1
10.754000,0.015307,-0.208321,1
10.765000,0.015396,-0.207842,1
10.776000,0.015418,-0.207347,1
10.787000,0.015371,-0.206838,1
10.798000,0.015254,-0.206315,1
10.809000,0.015065,-0.205777,0
10.820000,0.014804,-0.205227,0
10.831000,0.014469,-0.204665,0
10.841000,0.014101,-0.204144,0
10.852000,0.013623,-0.203560,0
10.863000,0.013071,-0.202966,0
10.873000,0.012503,-0.202417,0
10.884000,0.011806,-0.201805,0
10.895000,0.011033,-0.201185,0
10.906000,0.010185,-0.200557,0
10.917000,0.009262,-0.199923,0
10.928000,0.008265,-0.199283,0
10.939000,0.007195,-0.198637,0
10.950000,0.006053,-0.197988,0
10.961000,0.004840,-0.197334,0
10.972000,0.003559,-0.196678,0
10.982000,0.002336,-0.196079,0
10.993000,0.000928,-0.195420,0
11.004000,-0.000534,-0.195240,0
11.015000,-0.001958,-0.195900,0
11.026000,-0.003318,-0.196558,0
11.037000,-0.004612,-0.197215,0
11.048000,-0.005837,-0.197869,0
11.059000,-0.006992,-0.198520,0
11.070000,-0.008076,-0.199166,0
11.081000,-0.009086,-0.199807,0
11.091000,-0.009940,-0.200385,0
11.102000,-0.010809,-0.201015,0
11.113000,-0.011602,-0.201637,0
11.123000,-0.012258,-0.202196,0
11.134000,-0.012907,-0.202802,0
11.145000,-0.013480,-0.203399,0
11.156000,-0.013978,-0.203986,0
11.167000,-0.014401,-0.204562,0
11.178000,-0.014749,-0.205126,0
11.189000,-0.015023,-0.205678,0
11.200000,-0.015225,-0.206218,1
11.211000,-0.015355,-0.206744,1
11.222000,-0.015414,-0.207256,1
11.232000,-0.015408,-0.207708,1
11.243000,-0.015337,-0.208192,1
11.254000,-0.015201,-0.208659,1
11.265000,-0.015000,-0.209111,1
11.276000,-0.014736,-0.209545,1
11.287000,-0.014413,-0.209962,1
11.298000,-0.014032,-0.210361,1
11.309000,-0.013595,-0.210741,1
11.320000,-0.013106,-0.211103,1
11.331000,-0.012565,-0.211446,1
11.341000,-0.012032,-0.211740,1
11.352000,-0.011403,-0.212045,1
11.363000,-0.010730,-0.212329,1
11.373000,-0.010084,-0.212570,1
11.384000,-0.009338,-0.212815,1
11.395000,-0.008558,-0.213038,1
11.406000,-0.007747,-0.213240,1
11.417000,-0.006907,-0.213420,1
11.428000,-0.006043,-0.213579,1
11.439000,-0.005157,-0.213715,1
11.450000,-0.004253,-0.213829,1
11.461000,-0.003333,-0.213920,1
11.472000,-0.002402,-0.213989,1
11.482000,-0.001547,-0.214032,1
11.493000,-0.000603,-0.214058,1
11.504000,0.000344,-0.214061,1
11.514000,0.001204,-0.214044,1
11.525000,0.002146,-0.214004,1
11.536000,0.003080,-0.213941,1
11.547000,0.004003,-0.213856,1
11.558000,0.004912,-0.213748,1
11.569000,0.005803,-0.213618,1
11.580000,0.006674,-0.213466,1
11.591000,0.007520,-0.213291,1
11.602000,0.008340,-0.213095,1
11.613000,0.009129,-0.212878,1
11.623000,0.009817,-0.212661,1
11.634000,0.010540,-0.212403,1
11.645000,0.011223,-0.212124,1
11.656000,0.011865,-0.211825,1
11.667000,0.012462,-0.211506,1
11.678000,0.013011,-0.211167,1
11.689000,0.013510,-0.210808,1
11.700000,0.013957,-0.210431,1
11.711000,0.014348,-0.210036,1
11.722000,0.014682,-0.209622,1
11.732000,0.014934,-0.209231,1
11.743000,0.015152,-0.208784,1
11.754000,0.015307,-0.208321,1
11.764000,0.015390,-0.207886,1
11.775000,0.015418,-0.207393,1
11.786000,0.015378,-0.206885,1
11.797000,0.015267,-0.206363,1
11.808000,0.015085,-0.205827,0
11.819000,0.014831,-0.205278,0
11.830000,0.014503,-0.204717,0
11.841000,0.014101,-0.204144,0
11.852000,0.013623,-0.203560,0
11.863000,0.013071,-0.202966,0
11.873000,0.012503,-0.202417,0
11.884000,0.011806,-0.201805,0
11.895000,0.011033,-0.201185,0
11.906000,0.010185,-0.200557,0
11.917000,0.009262,-0.199923,0
11.928000,0.008265,-0.199283,0
11.939000,0.007195,-0.198637,0
11.950000,0.006053,-0.197988,0
11.961000,0.004840,-0.197334,0
11.972000,0.003559,-0.196678,0
11.982000,0.002336,-0.196079,0
11.993000,0.000928,-0.195420,0
12.004000,-0.000534,-0.195240,0
12.014000,-0.001831,-0.195840,0
12.025000,-0.003198,-0.196498,0
12.036000,-0.004497,-0.197155,0
12.047000,-0.005729,-0.197810,0
12.058000,-0.006890,-0.198461,0
12.069000,-0.007980,-0.199107,0
12.080000,-0.008997,-0.199749,0
12.091000,-0.009940,-0.200385,0
12.102000,-0.010809,-0.201015,0
12.113000,-0.011602,-0.201637,0
12.123000,-0.012258,-0.202196,0
12.134000,-0.012907,-0.202802,0
12.145000,-0.013480,-0.203399,0
12.155000,-0.013936,-0.203933,0
12.166000,-0.014365,-0.204510,0
12.177000,-0.014720,-0.205075,0
12.188000,-0.015001,-0.205629,0
12.199000,-0.015209,-0.206169,0
12.210000,-0.015346,-0.206697,1
12.221000,-0.015412,-0.207210,1
12.232000,-0.015408,-0.207708,1
12.243000,-0.015337,-0.208192,1
12.254000,-0.015201,-0.208659,1
12.264000,-0.015020,-0.209070,1
12.275000,-0.014763,-0.209506,1
12.286000,-0.014445,-0.209924,1
12.297000,-0.014069,-0.210325,1
12.308000,-0.013637,-0.210707,1
12.319000,-0.013152,-0.211071,1
12.330000,-0.012616,-0.211415,1
12.341000,-0.012032,-0.211740,1
12.352000,-0.011403,-0.212045,1
12.363000,-0.010730,-0.212329,1
12.373000,-0.010084,-0.212570,1
12.384000,-0.009338,-0.212815,1
12.395000,-0.008558,-0.213038,1
12.405000,-0.007822,-0.213223,1
12.416000,-0.006985,-0.213405,1
12.427000,-0.006123,-0.213565,1
12.438000,-0.005238,-0.213703,1
12.449000,-0.004335,-0.213819,1
12.460000,-0.003417,-0.213913,1
12.471000,-0.002487,-0.213984,1
12.482000,-0.001547,-0.214032,1
12.493000,-0.000603,-0.214058,1
12.504000,0.000344,-0.214061,1
12.514000,0.001204,-0.214044,1
12.525000,0.002146,-0.214004,1
12.536000,0.003080,-0.213941,1
12.547000,0.004003,-0.213856,1
12.558000,0.004912,-0.213748,1
12.569000,0.005803,-0.213618,1
12.580000,0.006674,-0.213466,1
12.591000,0.007520,-0.213291,1
12.602000,0.008340,-0.213095,1
12.613000,0.009129,-0.212878,1
12.623000,0.009817,-0.212661,1
12.634000,0.010540,-0.212403,1
12.645000,0.011223,-0.212124,1
12.655000,0.011809,-0.211853,1
12.666000,0.012410,-0.211536,1
12.677000,0.012963,-0.211198,1
12.688000,0.013467,-0.210842,1
12.699000,0.013918,-0.210466,1
12.710000,0.014315,-0.210072,1
12.721000,0.014654,-0.209660,1
12.732000,0.014934,-0.209231,1
12.743000,0.015152,-0.208784,1
12.754000,0.015307,-0.208321,1
12.764000,0.015390,-0.207886,1
12.775000,0.015418,-0.207393,1
12.786000,0.015378,-0.206885,1
12.796000,0.015280,-0.206411,1
12.807000,0.015105,-0.205876,0
12.818000,0.014857,-0.205328,0
12.829000,0.014536,-0.204768,0
12.840000,0.014140,-0.204196,0
12.851000,0.013670,-0.203613,0
12.862000,0.013124,-0.203020,0
12.873000,0.012503,-0.202417,0
12.884000,0.011806,-0.201805,0
12.895000,0.011033,-0.201185,0
12.905000,0.010265,-0.200615,0
12.916000,0.009349,-0.199981,0
12.927000,0.008358,-0.199341,0
12.938000,0.007295,-0.198696,0
12.949000,0.006159,-0.198047,0
12.960000,0.004953,-0.197394,0
12.971000,0.003678,-0.196738,0
12.982000,0.002336,-0.196079,0
12.993000,0.000928,-0.195420,0
13.004000,-0.000534,-0.195240,0
13.014000,-0.001831,-0.195840,0
13.025000,-0.003198,-0.196498,0
13.036000,-0.004497,-0.197155,0
13.046000,-0.005620,-0.197750,0
13.057000,-0.006788,-0.198402,0
13.068000,-0.007884,-0.199049,0
13.079000,-0.008908,-0.199691,0
13.090000,-0.009858,-0.200327,0
13.101000,-0.010733,-0.200958,0
13.112000,-0.011533,-0.201581,0
13.123000,-0.012258,-0.202196,0
13.134000,-0.012907,-0.202802,0
13.145000,-0.013480,-0.203399,0
13.155000,-0.013936,-0.203933,0
13.166000,-0.014365,-0.204510,0
13.177000,-0.014720,-0.205075,0
13.188000,-0.015001,-0.205629,0
13.199000,-0.015209,-0.206169,0
13.210000,-0.015346,-0.206697,1
13.221000,-0.015412,-0.207210,1
13.232000,-0.015408,-0.207708,1
13.243000,-0.015337,-0.208192,1
13.254000,-0.015201,-0.208659,1
13.264000,-0.015020,-0.209070,1
13.275000,-0.014763,-0.209506,1
13.286000,-0.014445,-0.209924,1
13.296000,-0.014106,-0.210289,1
13.307000,-0.013679,-0.210673,1
13.318000,-0.013199,-0.211039,1
13.329000,-0.012667,-0.211385,1
13.340000,-0.012087,-0.211711,1
13.351000,-0.011462,-0.212018,1
13.362000,-0.010793,-0.212304,1
13.373000,-0.010084,-0.212570,1
13.384000,-0.009338,-0.212815,1
13.395000,-0.008558,-0.213038,1
13.405000,-0.007822,-0.213223,1
13.416000,-0.006985,-0.213405,1
13.427000,-0.006123,-0.213565,1
13.437000,-0.005320,-0.213692,1
13.448000,-0.004418,-0.213810,1
13.459000,-0.003501,-0.213905,1
13.470000,-0.002572,-0.213978,1
13.481000,-0.001633,-0.214029,1
13.492000,-0.000689,-0.214057,1
13.503000,0.000258,-0.214062,1
13.514000,0.001204,-0.214044,1
13.525000,0.002146,-0.214004,1
13.536000,0.003080,-0.213941,1
13.546000,0.003920,-0.213864,1
13.557000,0.004830,-0.213759,1
13.568000,0.005723,-0.213631,1
13.579000,0.006596,-0.213480,1
13.590000,0.007445,-0.213308,1
13.601000,0.008267,-0.213114,1
13.612000,0.009058,-0.212898,1
13.623000,0.009817,-0.212661,1
13.634000,0.010540,-0.212403,1
13.645000,0.011223,-0.212124,1
13.655000,0.011809,-0.211853,1
13.666000,0.012410,-0.211536,1
13.677000,0.012963,-0.211198,1
13.687000,0.013423,-0.210875,1
13.698000,0.013880,-0.210501,1
13.709000,0.014281,-0.210109,1
13.720000,0.014626,-0.209698,1
13.731000,0.014911,-0.209270,1
13.742000,0.015135,-0.208825,1
13.753000,0.015295,-0.208364,1
13.764000,0.015390,-0.207886,1
13.775000,0.015418,-0.207393,1
13.786000,0.015378,-0.206885,1
13.796000,0.015280,-0.206411,1
13.807000,0.015105,-0.205876,0
13.818000,0.014857,-0.205328,0
13.829000,0.014536,-0.204768,0
13.840000,0.014140,-0.204196,0
13.851000,0.013670,-0.203613,0
13.862000,0.013124,-0.203020,0
13.873000,0.012503,-0.202417,0
13.884000,0.011806,-0.201805,0
13.895000,0.011033,-0.201185,0
13.905000,0.010265,-0.200615,0
13.916000,0.009349,-0.199981,0
13.927000,0.008358,-0.199341,0
13.937000,0.007395,-0.198755,0
13.948000,0.006266,-0.198106,0
13.959000,0.005066,-0.197453,0
13.970000,0.003797,-0.196797,0
13.981000,0.002460,-0.196139,0
13.992000,0.001059,-0.195480,0
14.003000,-0.000401,-0.195180,0
14.014000,-0.001831,-0.195840,0
14.025000,-0.003198,-0.196498,0
14.036000,-0.004497,-0.197155,0
14.046000,-0.005620,-0.197750,0
14.057000,-0.006788,-0.198402,0
14.068000,-0.007884,-0.199049,0
14.078000,-0.008818,-0.199633,0
14.089000,-0.009774,-0.200270,0
14.100000,-0.010657,-0.200901,0
14.111000,-0.011464,-0.201524,0
14.122000,-0.012195,-0.202140,0
14.133000,-0.012851,-0.202747,0
14.144000,-0.013431,-0.203345,0
14.155000,-0.013936,-0.203933,0
14.166000,-0.014365,-0.204510,0
14.177000,-0.014720,-0.205075,0
14.187000,-0.014979,-0.205579,0
14.198000,-0.015194,-0.206121,0
14.209000,-0.015336,-0.206649,1
14.220000,-0.015409,-0.207164,1
14.231000,-0.015411,-0.207664,1
14.242000,-0.015347,-0.208149,1
14.253000,-0.015216,-0.208618,1
14.264000,-0.015020,-0.209070,1
14.275000,-0.014763,-0.209506,1
14.286000,-0.014445,-0.209924,1
14.296000,-0.014106,-0.210289,1
14.307000,-0.013679,-0.210673,1
14.318000,-0.013199,-0.211039,1
14.328000,-0.012718,-0.211354,1
14.339000,-0.012142,-0.211682,1
14.350000,-0.011520,-0.211991,1
14.361000,-0.010856,-0.212279,1
14.372000,-0.010150,-0.212547,1
14.383000,-0.009408,-0.212793,1
14.394000,-0.008630,-0.213019,1
14.405000,-0.007822,-0.213223,1
14.416000,-0.006985,-0.213405,1
14.427000,-0.006123,-0.213565,1
14.437000,-0.005320,-0.213692,1
14.448000,-0.004418,-0.213810,1
14.459000,-0.003501,-0.213905,1
14.470000,-0.002572,-0.213978,1
14.481000,-0.001633,-0.214029,1
14.492000,-0.000689,-0.214057,1
14.503000,0.000258,-0.214062,1
14.514000,0.001204,-0.214044,1
14.525000,0.002146,-0.214004,1
14.536000,0.003080,-0.213941,1
14.546000,0.003920,-0.213864,1
14.557000,0.004830,-0.213759,1
14.568000,0.005723,-0.213631,1
14.578000,0.006517,-0.213495,1
14.589000,0.007369,-0.213325,1
14.600000,0.008193,-0.213132,1
14.611000,0.008988,-0.212919,1
14.622000,0.009750,-0.212684,1
14.633000,0.010476,-0.212428,1
14.644000,0.011163,-0.212151,1
14.655000,0.011809,-0.211853,1
14.666000,0.012410,-0.211536,1
14.677000,0.012963,-0.211198,1
14.687000,0.013423,-0.210875,1
14.698000,0.013880,-0.210501,1
14.709000,0.014281,-0.210109,1
14.719000,0.014597,-0.209736,1
14.730000,0.014887,-0.209310,1
14.741000,0.015117,-0.208866,1
14.752000,0.015283,-0.208406,1
14.763000,0.015384,-0.207930,1
14.774000,0.015419,-0.207438,1
14.785000,0.015384,-0.206932,1
14.796000,0.015280,-0.206411,1
14.807000,0.015105,-0.205876,0
14.818000,0.014857,-0.205328,0
14.828000,0.014568,-0.204820,0
14.839000,0.014179,-0.204249,0
14.850000,0.013716,-0.203667,0
14.861000,0.013177,-0.203074,0
14.872000,0.012562,-0.202472,0
14.883000,0.011872,-0.201861,0
14.894000,0.011106,-0.201242,0
14.905000,0.010265,-0.200615,0
14.916000,0.009349,-0.199981,0
14.927000,0.008358,-0.199341,0
14.937000,0.007395,-0.198755,0
14.948000,0.006266,-0.198106,0
14.959000,0.005066,-0.197453,0
14.969000,0.003915,-0.196857,0
14.980000,0.002585,-0.196199,0
14.991000,0.001189,-0.195540,0
15.002000,-0.000268,-0.195120,0
15.013000,-0.001704,-0.195780,0
15.024000,-0.003076,-0.196439,0
15.035000,-0.004382,-0.197096,0
15.046000,-0.005620,-0.197750,0
15.057000,-0.006788,-0.198402,0
15.068000,-0.007884,-0.199049,0
15.078000,-0.008818,-0.199633,0
15.089000,-0.009774,-0.200270,0
15.100000,-0.010657,-0.200901,0
15.111000,-0.011464,-0.201524,0
15.122000,-0.012195,-0.202140,0
15.133000,-0.012851,-0.202747,0
15.144000,-0.013431,-0.203345,0
15.155000,-0.013936,-0.203933,0
15.166000,-0.014365,-0.204510,0
15.177000,-0.014720,-0.205075,0
15.187000,-0.014979,-0.205579,0
15.198000,-0.015194,-0.206121,0
15.209000,-0.015336,-0.206649,1
15.219000,-0.015405,-0.207118,1
15.230000,-0.015414,-0.207619,1
15.241000,-0.015355,-0.208105,1
15.252000,-0.015230,-0.208576,1
15.263000,-0.015041,-0.209030,1
15.274000,-0.014789,-0.209467,1
15.285000,-0.014476,-0.209887,1
15.296000,-0.014106,-0.210289,1
15.307000,-0.013679,-0.210673,1
15.318000,-0.013199,-0.211039,1
15.328000,-0.012718,-0.211354,1
15.339000,-0.012142,-0.211682,1
15.350000,-0.011520,-0.211991,1
15.361000,-0.010856,-0.212279,1
15.372000,-0.010150,-0.212547,1
15.383000,-0.009408,-0.212793,1
15.394000,-0.008630,-0.213019,1
15.405000,-0.007822,-0.213223,1
15.416000,-0.006985,-0.213405,1
15.427000,-0.006123,-0.213565,1
15.437000,-0.005320,-0.213692,1
15.448000,-0.004418,-0.213810,1
15.459000,-0.003501,-0.213905,1
15.469000,-0.002657,-0.213972,1
15.480000,-0.001719,-0.214025,1
15.491000,-0.000775,-0.214055,1
15.502000,0.000172,-0.214062,1
15.513000,0.001118,-0.214047,1
15.524000,0.002061,-0.214009,1
15.535000,0.002996,-0.213948,1
15.546000,0.003920,-0.213864,1
15.557000,0.004830,-0.213759,1
15.568000,0.005723,-0.213631,1
15.578000,0.006517,-0.213495,1
15.589000,0.007369,-0.213325,1
15.600000,0.008193,-0.213132,1
15.610000,0.008917,-0.212939,1
15.621000,0.009682,-0.212706,1
15.632000,0.010411,-0.212452,1
15.643000,0.011102,-0.212177,1
15.654000,0.011752,-0.211881,1
15.665000,0.012357,-0.211565,1
15.676000,0.012915,-0.211230,1
15.687000,0.013423,-0.210875,1
15.698000,0.013880,-0.210501,1
15.709000,0.014281,-0.210109,1
15.719000,0.014597,-0.209736,1
15.730000,0.014887,-0.209310,1
15.741000,0.015117,-0.208866,1
15.752000,0.015283,-0.208406,1
15.763000,0.015384,-0.207930,1
15.774000,0.015419,-0.207438,1
15.785000,0.015384,-0.206932,1
15.796000,0.015280,-0.206411,1
15.807000,0.015105,-0.205876,0
15.818000,0.014857,-0.205328,0
15.828000,0.014568,-0.204820,0
15.839000,0.014179,-0.204249,0
15.850000,0.013716,-0.203667,0
15.860000,0.013229,-0.203129,0
15.871000,0.012621,-0.202527,0
15.882000,0.011938,-0.201917,0
15.893000,0.011179,-0.201298,0
15.904000,0.010344,-0.200672,0
15.915000,0.009435,-0.200039,0
15.926000,0.008451,-0.199400,0
15.937000,0.007395,-0.198755,0
15.948000,0.006266,-0.198106,0
15.959000,0.005066,-0.197453,0
15.969000,0.003915,-0.196857,0
15.980000,0.002585,-0.196199,0
15.991000,0.001189,-0.195540,0
16.001000,-0.000134,-0.195060,0
16.012000,-0.001576,-0.195720,0
16.022000,-0.002831,-0.196319,0
16.033000,-0.004150,-0.196976,0
16.044000,-0.005400,-0.197631,0
16.054000,-0.006476,-0.198224,0
16.065000,-0.007592,-0.198873,0
16.076000,-0.008636,-0.199516,0
16.086000,-0.009521,-0.200097,0
16.097000,-0.010423,-0.200729,0
16.108000,-0.011251,-0.201355,0
16.118000,-0.011938,-0.201917,0
16.129000,-0.012621,-0.202527,0
16.140000,-0.013229,-0.203129,0
16.151000,-0.013761,-0.203720,0
16.161000,-0.014179,-0.204249,0
16.172000,-0.014568,-0.204820,0
16.183000,-0.014883,-0.205379,0
16.193000,-0.015105,-0.205876,0
16.204000,-0.015280,-0.206411,1
16.215000,-0.015384,-0.206932,1
16.225000,-0.015418,-0.207393,1
16.236000,-0.015390,-0.207886,1
16.247000,-0.015295,-0.208364,1
16.257000,-0.015152,-0.208784,1
16.268000,-0.014934,-0.209231,1
16.279000,-0.014654,-0.209660,1
16.289000,-0.014348,-0.210036,1
16.300000,-0.013957,-0.210431,1
16.311000,-0.013510,-0.210808,1
16.321000,-0.013059,-0.211135,1
16.332000,-0.012514,-0.211476,1
16.343000,-0.011921,-0.211797,1
16.353000,-0.011343,-0.212071,1
16.364000,-0.010667,-0.212354,1
16.375000,-0.009951,-0.212616,1
16.385000,-0.009269,-0.212836,1
16.396000,-0.008486,-0.213057,1
16.407000,-0.007672,-0.213257,1
16.417000,-0.006907,-0.213420,1
16.428000,-0.006043,-0.213579,1
16.439000,-0.005157,-0.213715,1
16.449000,-0.004335,-0.213819,1
16.460000,-0.003417,-0.213913,1
16.471000,-0.002487,-0.213984,1
16.481000,-0.001633,-0.214029,1
16.492000,-0.000689,-0.214057,1
16.503000,0.000258,-0.214062,1
16.513000,0.001118,-0.214047,1
16.524000,0.002061,-0.214009,1
16.535000,0.002996,-0.213948,1
16.545000,0.003836,-0.213873,1
16.556000,0.004748,-0.213769,1
16.567000,0.005643,-0.213643,1
16.577000,0.006439,-0.213509,1
16.588000,0.007292,-0.213341,1
16.599000,0.008119,-0.213151,1
16.609000,0.008846,-0.212959,1
16.620000,0.009614,-0.212728,1
16.631000,0.010347,-0.212476,1
16.641000,0.010980,-0.212228,1
16.652000,0.011637,-0.211936,1
16.663000,0.012250,-0.211624,1
16.673000,0.012768,-0.211323,1
16.684000,0.013290,-0.210974,1
16.695000,0.013761,-0.210605,1
16.705000,0.014142,-0.210254,1
16.716000,0.014507,-0.209850,1
16.727000,0.014814,-0.209428,1
16.737000,0.015041,-0.209030,1
16.748000,0.015230,-0.208576,1
16.759000,0.015355,-0.208105,1
16.769000,0.015411,-0.207664,1
16.780000,0.015409,-0.207164,1
16.791000,0.015336,-0.206649,1
16.801000,0.015209,-0.206169,0
16.812000,0.015001,-0.205629,0
16.823000,0.014720,-0.205075,0
16.833000,0.014401,-0.204562,0
16.844000,0.013978,-0.203986,0
16.855000,0.013480,-0.203399,0
16.865000,0.012962,-0.202857,0
16.876000,0.012320,-0.202251,0
16.887000,0.011602,-0.201637,0
16.897000,0.010884,-0.201071,0
16.908000,0.010022,-0.200443,0
16.919000,0.009086,-0.199807,0
16.929000,0.008170,-0.199224,0
16.940000,0.007094,-0.198578,0
16.951000,0.005945,-0.197928,0
16.961000,0.004840,-0.197334,0
16.972000,0.003559,-0.196678,0
16.983000,0.002210,-0.196020,0
16.993000,0.000928,-0.195420,0
17.004000,-0.000534,-0.195240,0
17.015000,-0.001958,-0.195900,0
17.026000,-0.003318,-0.196558,0
17.036000,-0.004497,-0.197155,0
17.047000,-0.005729,-0.197810,0
17.058000,-0.006890,-0.198461,0
17.068000,-0.007884,-0.199049,0
17.079000,-0.008908,-0.199691,0
17.090000,-0.009858,-0.200327,0
17.100000,-0.010657,-0.200901,0
17.111000,-0.011464,-0.201524,0
17.122000,-0.012195,-0.202140,0
17.132000,-0.012795,-0.202692,0
17.143000,-0.013382,-0.203291,0
17.154000,-0.013893,-0.203880,0
17.164000,-0.014293,-0.204406,0
17.175000,-0.014661,-0.204973,0
17.186000,-0.014956,-0.205529,0
17.196000,-0.015160,-0.206023,0
17.207000,-0.015316,-0.206554,1
17.218000,-0.015401,-0.207071,1
17.228000,-0.015417,-0.207529,1
17.239000,-0.015371,-0.208018,1
17.250000,-0.015258,-0.208491,1
17.260000,-0.015099,-0.208908,1
17.271000,-0.014864,-0.209350,1
17.282000,-0.014567,-0.209774,1
17.292000,-0.014247,-0.210145,1
17.303000,-0.013840,-0.210536,1
17.314000,-0.013379,-0.210908,1
17.324000,-0.012915,-0.211230,1
17.335000,-0.012357,-0.211565,1
17.346000,-0.011752,-0.211881,1
17.356000,-0.011163,-0.212151,1
17.367000,-0.010476,-0.212428,1
17.378000,-0.009750,-0.212684,1
17.388000,-0.009058,-0.212898,1
17.399000,-0.008267,-0.213114,1
17.410000,-0.007445,-0.213308,1
17.420000,-0.006674,-0.213466,1
17.431000,-0.005803,-0.213618,1
17.442000,-0.004912,-0.213748,1
17.452000,-0.004086,-0.213847,1
17.463000,-0.003164,-0.213934,1
17.474000,-0.002231,-0.213999,1
17.484000,-0.001376,-0.214039,1
17.495000,-0.000430,-0.214060,1
17.506000,0.000517,-0.214059,1
17.516000,0.001376,-0.214039,1
17.527000,0.002316,-0.213994,1
17.538000,0.003249,-0.213927,1
17.548000,0.004086,-0.213847,1
17.559000,0.004994,-0.213737,1
17.570000,0.005883,-0.213605,1
17.580000,0.006674,-0.213466,1
17.591000,0.007520,-0.213291,1
17.602000,0.008340,-0.213095,1
17.612000,0.009058,-0.212898,1
17.623000,0.009817,-0.212661,1
17.634000,0.010540,-0.212403,1
17.644000,0.011163,-0.212151,1
17.655000,0.011809,-0.211853,1
17.666000,0.012410,-0.211536,1
17.676000,0.012915,-0.211230,1
17.687000,0.013423,-0.210875,1
17.698000,0.013880,-0.210501,1
17.708000,0.014247,-0.210145,1
17.719000,0.014597,-0.209736,1
17.730000,0.014887,-0.209310,1
17.740000,0.015099,-0.208908,1
17.751000,0.015271,-0.208449,1
17.762000,0.015378,-0.207974,1
17.772000,0.015417,-0.207529,1
17.783000,0.015396,-0.207025,1
17.794000,0.015305,-0.206507,1
17.804000,0.015160,-0.206023,0
17.815000,0.014932,-0.205479,0
17.826000,0.014631,-0.204922,0
17.836000,0.014293,-0.204406,0
17.847000,0.013850,-0.203827,0
17.858000,0.013331,-0.203237,0
17.868000,0.012795,-0.202692,0
17.879000,0.012132,-0.202084,0
17.890000,0.011393,-0.201468,0
17.900000,0.010657,-0.200901,0
17.911000,0.009774,-0.200270,0
17.922000,0.008818,-0.199633,0
17.933000,0.007787,-0.198990,0
17.943000,0.006788,-0.198402,0
17.954000,0.005620,-0.197750,0
17.965000,0.004382,-0.197096,0
17.975000,0.003198,-0.196498,0
17.986000,0.001831,-0.195840,0
17.997000,0.000401,-0.195180,0
18.007000,-0.000928,-0.195420,0
18.018000,-0.002336,-0.196079,0
18.029000,-0.003678,-0.196738,0
18.039000,-0.004840,-0.197334,0
18.050000,-0.006053,-0.197988,0
18.061000,-0.007195,-0.198637,0
18.071000,-0.008170,-0.199224,0
18.082000,-0.009174,-0.199865,0
18.093000,-0.010104,-0.200500,0
18.103000,-0.010884,-0.201071,0
18.114000,-0.011671,-0.201693,0
18.125000,-0.012382,-0.202306,0
18.135000,-0.012962,-0.202857,0
18.146000,-0.013529,-0.203453,0
18.157000,-0.014019,-0.204038,0
18.167000,-0.014401,-0.204562,0
18.178000,-0.014749,-0.205126,0
18.189000,-0.015023,-0.205678,0
18.199000,-0.015209,-0.206169,0
18.210000,-0.015346,-0.206697,1
18.221000,-0.015412,-0.207210,1
18.231000,-0.015411,-0.207664,1
18.242000,-0.015347,-0.208149,1
18.253000,-0.015216,-0.208618,1
18.263000,-0.015041,-0.209030,1
18.274000,-0.014789,-0.209467,1
18.285000,-0.014476,-0.209887,1
18.295000,-0.014142,-0.210254,1
18.306000,-0.013720,-0.210639,1
18.317000,-0.013244,-0.211006,1
18.327000,-0.012768,-0.211323,1
18.338000,-0.012196,-0.211653,1
18.349000,-0.011579,-0.211964,1
18.359000,-0.010980,-0.212228,1
18.370000,-0.010281,-0.212499,1
18.381000,-0.009545,-0.212750,1
18.391000,-0.008846,-0.212959,1
18.402000,-0.008045,-0.213169,1
18.413000,-0.007216,-0.213357,1
18.423000,-0.006439,-0.213509,1
18.434000,-0.005562,-0.213656,1
18.445000,-0.004666,-0.213780,1
18.455000,-0.003836,-0.213873,1
18.466000,-0.002911,-0.213954,1
18.477000,-0.001975,-0.214013,1
18.487000,-0.001118,-0.214047,1
18.498000,-0.000172,-0.214062,1
18.509000,0.000775,-0.214055,1
18.519000,0.001633,-0.214029,1
18.530000,0.002572,-0.213978,1
18.541000,0.003501,-0.213905,1
18.551000,0.004335,-0.213819,1
18.562000,0.005238,-0.213703,1
18.573000,0.006123,-0.213565,1
18.583000,0.006907,-0.213420,1
18.594000,0.007747,-0.213240,1
18.605000,0.008558,-0.213038,1
18.615000,0.009269,-0.212836,1
18.626000,0.010018,-0.212593,1
18.637000,0.010730,-0.212329,1
18.647000,0.011343,-0.212071,1
18.658000,0.011977,-0.211769,1
18.669000,0.012565,-0.211446,1
18.679000,0.013059,-0.211135,1
18.690000,0.013553,-0.210775,1
18.701000,0.013995,-0.210396,1
18.711000,0.014348,-0.210036,1
18.722000,0.014682,-0.209622,1
18.733000,0.014956,-0.209191,1
18.743000,0.015152,-0.208784,1
18.754000,0.015307,-0.208321,1
18.765000,0.015396,-0.207842,1
18.775000,0.015418,-0.207393,1
18.786000,0.015378,-0.206885,1
18.797000,0.015267,-0.206363,1
18.807000,0.015105,-0.205876,0
18.818000,0.014857,-0.205328,0
18.829000,0.014536,-0.204768,0
18.840000,0.014140,-0.204196,0
18.850000,0.013716,-0.203667,0
18.861000,0.013177,-0.203074,0
18.872000,0.012562,-0.202472,0
